id,text,course,teacher,label,topics,language,source
1,老师讲解知识点很清楚，案例也贴近实际应用。,自然语言处理,张老师,positive,授课方式;教学内容,zh,chinese_manual
2,课程内容安排很系统，前后知识衔接自然。,自然语言处理,张老师,positive,教学内容,zh,chinese_manual
3,课堂互动比较多，老师会及时回应同学的问题。,自然语言处理,张老师,positive,授课方式,zh,chinese_manual
4,实验示例很完整，跟着步骤基本可以顺利运行。,自然语言处理,张老师,positive,实验实践,zh,chinese_manual
5,作业能帮助巩固课堂内容，难度设置比较合理。,自然语言处理,张老师,positive,作业任务;学习收获,zh,chinese_manual
6,老师讲课节奏稳定，重点内容会反复强调。,机器学习,李老师,positive,授课方式;教学内容,zh,chinese_manual
7,课程案例很丰富，能够帮助理解抽象概念。,机器学习,李老师,positive,教学内容;学习收获,zh,chinese_manual
8,每次课后都有清晰的复习提示，学习方向很明确。,机器学习,李老师,positive,教学内容;考试安排,zh,chinese_manual
9,实验项目很有实践价值，能把理论知识用起来。,机器学习,李老师,positive,实验实践;学习收获,zh,chinese_manual
10,老师批改作业很认真，反馈意见具体有帮助。,机器学习,李老师,positive,作业任务;学习收获,zh,chinese_manual
11,课程内容由浅入深，适合没有基础的同学学习。,Python程序设计,王老师,positive,教学内容,zh,chinese_manual
12,代码示例讲解详细，课堂上能及时看到运行结果。,Python程序设计,王老师,positive,实验实践;授课方式,zh,chinese_manual
13,老师讲解很耐心，遇到问题会一步步分析原因。,Python程序设计,王老师,positive,授课方式,zh,chinese_manual
14,实验任务设计合理，能逐步提升编程能力。,Python程序设计,王老师,positive,实验实践;学习收获,zh,chinese_manual
15,期末复习资料整理得很清楚，对备考帮助很大。,Python程序设计,王老师,positive,考试安排;学习收获,zh,chinese_manual
16,课程框架清晰，每章重点和难点都说明得比较到位。,数据结构,赵老师,positive,教学内容,zh,chinese_manual
17,老师板书和图示很清楚，复杂算法也容易理解。,数据结构,赵老师,positive,授课方式;教学内容,zh,chinese_manual
18,练习题覆盖面广，能够检验对知识点的掌握情况。,数据结构,赵老师,positive,作业任务;学习收获,zh,chinese_manual
19,实验平台使用方便，提交和查看结果都比较顺畅。,数据结构,赵老师,positive,实验实践,zh,chinese_manual
20,课程让我对算法思想有了更深入的理解。,数据结构,赵老师,positive,学习收获;教学内容,zh,chinese_manual
21,老师对公式推导解释得很细，理解起来没有太大压力。,深度学习,陈老师,positive,授课方式;教学内容,zh,chinese_manual
22,课程案例结合前沿应用，学习过程比较有吸引力。,深度学习,陈老师,positive,教学内容;学习收获,zh,chinese_manual
23,实验代码结构清楚，方便我们复现模型结果。,深度学习,陈老师,positive,实验实践,zh,chinese_manual
24,作业虽然有挑战，但能明显提高动手能力。,深度学习,陈老师,positive,作业任务;学习收获,zh,chinese_manual
25,老师会总结常见错误，对实验调试很有帮助。,深度学习,陈老师,positive,实验实践;授课方式,zh,chinese_manual
26,课堂氛围很好，同学参与讨论的积极性比较高。,数据库系统,周老师,positive,授课方式,zh,chinese_manual
27,课程内容和实际开发联系紧密，学完后感觉很实用。,数据库系统,周老师,positive,教学内容;学习收获,zh,chinese_manual
28,SQL练习安排合理，能帮助我们熟悉查询语句。,数据库系统,周老师,positive,作业任务;实验实践,zh,chinese_manual
29,老师讲解索引和事务时举例充分，概念更容易掌握。,数据库系统,周老师,positive,教学内容;授课方式,zh,chinese_manual
30,期末考试题型说明清楚，复习时比较有方向。,数据库系统,周老师,positive,考试安排,zh,chinese_manual
31,课程项目很有成就感，能把多个知识点串起来。,软件工程,刘老师,positive,实验实践;学习收获,zh,chinese_manual
32,老师会结合真实项目讲解需求分析和设计方法。,软件工程,刘老师,positive,教学内容;授课方式,zh,chinese_manual
33,小组作业分工明确，课堂展示也能促进交流。,软件工程,刘老师,positive,作业任务;授课方式,zh,chinese_manual
34,课程让我对团队协作和项目管理有了具体认识。,软件工程,刘老师,positive,学习收获,zh,chinese_manual
35,评分标准提前公布，完成作业时目标比较清楚。,软件工程,刘老师,positive,作业任务;考试安排,zh,chinese_manual
36,老师语速适中，英文术语会补充中文解释。,大学英语,孙老师,positive,授课方式,zh,chinese_manual
37,课堂练习形式多样，能够提高口语表达信心。,大学英语,孙老师,positive,作业任务;学习收获,zh,chinese_manual
38,课程材料选得很好，阅读内容有趣又有难度。,大学英语,孙老师,positive,教学内容,zh,chinese_manual
39,老师反馈作文很细致，能指出具体修改方向。,大学英语,孙老师,positive,作业任务;学习收获,zh,chinese_manual
40,这门课让我明显提升了听说读写的综合能力。,大学英语,孙老师,positive,学习收获,zh,chinese_manual
41,课程内容比较充实，但有些章节讲得稍微快了一点。,自然语言处理,张老师,neutral,教学内容;授课方式,zh,chinese_manual
42,老师讲课总体清楚，如果能增加更多练习会更好。,自然语言处理,张老师,neutral,授课方式;作业任务,zh,chinese_manual
43,实验任务有一定难度，不过完成后确实能加深理解。,自然语言处理,张老师,neutral,实验实践;学习收获,zh,chinese_manual
44,作业量基本可以接受，但提交时间有时比较紧。,自然语言处理,张老师,neutral,作业任务,zh,chinese_manual
45,课程资料比较完整，希望后续能补充更多复习重点。,自然语言处理,张老师,neutral,教学内容;考试安排,zh,chinese_manual
46,课程难度偏高，但老师会在关键部分进行提示。,机器学习,李老师,neutral,教学内容;授课方式,zh,chinese_manual
47,课堂例子不错，不过部分公式推导还需要课后自己消化。,机器学习,李老师,neutral,教学内容;学习收获,zh,chinese_manual
48,实验环境配置略复杂，但文档说明基本能解决问题。,机器学习,李老师,neutral,实验实践,zh,chinese_manual
49,考试范围比较广，如果能提前说明重点会更好。,机器学习,李老师,neutral,考试安排,zh,chinese_manual
50,作业题有挑战性，虽然花时间但能训练思路。,机器学习,李老师,neutral,作业任务;学习收获,zh,chinese_manual
51,课程入门部分比较友好，后半段节奏稍微加快。,Python程序设计,王老师,neutral,教学内容;授课方式,zh,chinese_manual
52,代码练习比较实用，希望能再增加一些综合项目。,Python程序设计,王老师,neutral,实验实践;作业任务,zh,chinese_manual
53,老师讲得比较细，但有些基础内容占用时间较多。,Python程序设计,王老师,neutral,授课方式;教学内容,zh,chinese_manual
54,实验报告要求清楚，不过格式要求可以再简化一些。,Python程序设计,王老师,neutral,实验实践;作业任务,zh,chinese_manual
55,课程整体有收获，希望期末复习安排能更早公布。,Python程序设计,王老师,neutral,学习收获;考试安排,zh,chinese_manual
56,算法部分讲解比较深入，但对基础薄弱的同学有些吃力。,数据结构,赵老师,neutral,教学内容,zh,chinese_manual
57,课堂讲解很认真，如果配合更多动画演示会更直观。,数据结构,赵老师,neutral,授课方式;教学内容,zh,chinese_manual
58,作业能帮助理解算法，但题量在考试周附近有点集中。,数据结构,赵老师,neutral,作业任务;考试安排,zh,chinese_manual
59,实验平台总体稳定，偶尔会出现提交延迟。,数据结构,赵老师,neutral,实验实践,zh,chinese_manual
60,这门课学完有收获，不过需要投入比较多课外时间。,数据结构,赵老师,neutral,学习收获,zh,chinese_manual
61,深度学习内容很有意思，但部分模型原理讲得比较快。,深度学习,陈老师,neutral,教学内容;授课方式,zh,chinese_manual
62,实验代码能够运行，不过参数解释可以再详细一些。,深度学习,陈老师,neutral,实验实践;教学内容,zh,chinese_manual
63,作业难度适中，如果能提供更多参考资料会更好。,深度学习,陈老师,neutral,作业任务;教学内容,zh,chinese_manual
64,课堂讨论比较充分，但时间控制有时不太稳定。,深度学习,陈老师,neutral,授课方式,zh,chinese_manual
65,考试内容和课堂基本对应，不过题目综合性较强。,深度学习,陈老师,neutral,考试安排;教学内容,zh,chinese_manual
66,数据库理论部分比较扎实，但实践环节还可以更多。,数据库系统,周老师,neutral,教学内容;实验实践,zh,chinese_manual
67,老师讲解SQL很清楚，希望能增加更多真实业务案例。,数据库系统,周老师,neutral,授课方式;教学内容,zh,chinese_manual
68,小测能督促复习，但频率稍微有点高。,数据库系统,周老师,neutral,考试安排,zh,chinese_manual
69,项目作业比较贴近实际，但小组协作时间略紧。,数据库系统,周老师,neutral,作业任务;实验实践,zh,chinese_manual
70,课程整体实用，如果能补充性能优化部分会更完整。,数据库系统,周老师,neutral,学习收获;教学内容,zh,chinese_manual
71,软件工程案例很真实，但理论概念有时比较抽象。,软件工程,刘老师,neutral,教学内容,zh,chinese_manual
72,课堂展示能锻炼表达能力，不过准备时间有点紧。,软件工程,刘老师,neutral,授课方式;作业任务,zh,chinese_manual
73,项目任务分阶段提交比较合理，但文档工作量较大。,软件工程,刘老师,neutral,作业任务,zh,chinese_manual
74,老师点评很有帮助，希望每组都能获得更详细反馈。,软件工程,刘老师,neutral,授课方式;学习收获,zh,chinese_manual
75,课程考核方式比较多元，但评分细则还可以更具体。,软件工程,刘老师,neutral,考试安排,zh,chinese_manual
76,英语课堂活动不少，但有些同学参与度不太均衡。,大学英语,孙老师,neutral,授课方式,zh,chinese_manual
77,阅读材料难度适中，希望能增加更多背景介绍。,大学英语,孙老师,neutral,教学内容,zh,chinese_manual
78,作文批改很认真，但反馈周期有时比较长。,大学英语,孙老师,neutral,作业任务,zh,chinese_manual
79,口语练习有帮助，如果能分层安排会更合适。,大学英语,孙老师,neutral,学习收获;授课方式,zh,chinese_manual
80,考试形式比较明确，不过听力部分练习还可以更多。,大学英语,孙老师,neutral,考试安排;作业任务,zh,chinese_manual
81,作业量太大，每周完成起来压力很明显。,自然语言处理,张老师,negative,作业任务,zh,chinese_manual
82,实验环境配置太复杂，经常因为依赖问题运行失败。,自然语言处理,张老师,negative,实验实践,zh,chinese_manual
83,课程节奏太快，很多知识点还没理解就进入下一部分。,自然语言处理,张老师,negative,授课方式;教学内容,zh,chinese_manual
84,考试范围说明不够明确，复习时很难抓住重点。,自然语言处理,张老师,negative,考试安排,zh,chinese_manual
85,课堂互动较少，很多问题只能课后自己查资料。,自然语言处理,张老师,negative,授课方式,zh,chinese_manual
86,公式推导讲得太快，基础不好的同学很难跟上。,机器学习,李老师,negative,教学内容;授课方式,zh,chinese_manual
87,作业难度过高，而且缺少足够的提示和示例。,机器学习,李老师,negative,作业任务,zh,chinese_manual
88,实验代码经常报错，调试过程耗费了很多时间。,机器学习,李老师,negative,实验实践,zh,chinese_manual
89,期末考试题型变化较大，和复习资料对应不明显。,机器学习,李老师,negative,考试安排,zh,chinese_manual
90,课程内容比较零散，知识点之间的联系讲得不够清楚。,机器学习,李老师,negative,教学内容,zh,chinese_manual
91,代码讲解速度太快，新手很容易听不懂。,Python程序设计,王老师,negative,授课方式;实验实践,zh,chinese_manual
92,实验任务要求不够明确，提交前经常不知道是否符合标准。,Python程序设计,王老师,negative,实验实践;作业任务,zh,chinese_manual
93,作业批改反馈太少，很难知道自己哪里写错了。,Python程序设计,王老师,negative,作业任务,zh,chinese_manual
94,课程前后难度跨度大，缺少必要的过渡练习。,Python程序设计,王老师,negative,教学内容,zh,chinese_manual
95,考试重点公布得太晚，复习时间安排比较被动。,Python程序设计,王老师,negative,考试安排,zh,chinese_manual
96,算法讲解偏理论，缺少足够的实际例子辅助理解。,数据结构,赵老师,negative,教学内容,zh,chinese_manual
97,课堂板书速度较快，关键步骤有时来不及记录。,数据结构,赵老师,negative,授课方式,zh,chinese_manual
98,作业题量偏多，和其他课程任务叠加后压力很大。,数据结构,赵老师,negative,作业任务,zh,chinese_manual
99,实验平台不稳定，提交结果有时显示异常。,数据结构,赵老师,negative,实验实践,zh,chinese_manual
100,考试题目偏难，部分内容课堂上练习得不够充分。,数据结构,赵老师,negative,考试安排;教学内容,zh,chinese_manual
101,模型原理讲得不够细，很多地方只能自己查资料。,深度学习,陈老师,negative,教学内容,zh,chinese_manual
102,实验显卡环境经常排队，影响模型训练和提交进度。,深度学习,陈老师,negative,实验实践,zh,chinese_manual
103,作业要求比较模糊，不清楚评分重点是什么。,深度学习,陈老师,negative,作业任务;考试安排,zh,chinese_manual
104,课程节奏过快，很多新概念没有足够时间消化。,深度学习,陈老师,negative,授课方式;教学内容,zh,chinese_manual
105,考试复习资料不够完整，准备过程比较焦虑。,深度学习,陈老师,negative,考试安排,zh,chinese_manual
106,数据库课程理论讲得多，实际操作训练不足。,数据库系统,周老师,negative,教学内容;实验实践,zh,chinese_manual
107,SQL作业要求不清楚，错误提示也不够友好。,数据库系统,周老师,negative,作业任务;实验实践,zh,chinese_manual
108,课堂讲解偏快，事务和索引部分没有完全听懂。,数据库系统,周老师,negative,授课方式;教学内容,zh,chinese_manual
109,小测次数太多，复习和完成作业的时间被压缩。,数据库系统,周老师,negative,考试安排;作业任务,zh,chinese_manual
110,项目说明文档不够详细，小组开发时经常需要反复确认。,数据库系统,周老师,negative,实验实践;作业任务,zh,chinese_manual
111,软件工程理论较多，课堂案例和实践结合不够。,软件工程,刘老师,negative,教学内容;实验实践,zh,chinese_manual
112,小组项目任务分配不够清晰，导致协作效率较低。,软件工程,刘老师,negative,作业任务,zh,chinese_manual
113,课堂讨论时间有限，很多问题没有展开说明。,软件工程,刘老师,negative,授课方式,zh,chinese_manual
114,评分标准解释不够具体，项目展示前比较没有把握。,软件工程,刘老师,negative,考试安排;作业任务,zh,chinese_manual
115,课程安排比较紧，多个阶段任务集中在同一周。,软件工程,刘老师,negative,作业任务,zh,chinese_manual
116,英语听力材料语速太快，基础一般的同学比较吃力。,大学英语,孙老师,negative,教学内容,zh,chinese_manual
117,口语练习机会不均衡，有些同学很少能发言。,大学英语,孙老师,negative,授课方式,zh,chinese_manual
118,作文作业反馈太慢，修改时已经忘记原来的问题。,大学英语,孙老师,negative,作业任务,zh,chinese_manual
119,考试题型说明不够具体，准备时不知道重点在哪里。,大学英语,孙老师,negative,考试安排,zh,chinese_manual
120,课程收获不明显，很多练习和实际应用联系不够紧密。,大学英语,孙老师,negative,学习收获;教学内容,zh,chinese_manual
