id,text,course,teacher,label,topics,language,source,source_label
1,"Last assignment is a big jump, but i like it so very much",Coursera Online Course,Coursera Instructor,positive,,en,coursera,2
2,"I enjoyed this course. I only wished I had received some feedback from instructors, or someone qualified to give more substantive feedback on the final assignment. I appreciate the peer review, both doing it and receiving it; however, having some feedback from a qualified evaluator is always a formative experience.",Coursera Online Course,Coursera Instructor,positive,,en,coursera,2
3,An interesting course even if you don't complete the assignments because you can expect to get around an 80% even if you fully grasp the subject matter due to the peer review requirement. The course would be much better without that requirement.,Coursera Online Course,Coursera Instructor,neutral,,en,coursera,1
4,I had a hard time finding material to study.I wish the class had more reading material.,Coursera Online Course,Coursera Instructor,neutral,,en,coursera,1
5,"Feels like this course in the specialization was a bit rushed, compared to the first 3 courses. It had 2 modules (first & last) that were more like placeholders and the middle 4 modules went from concept to the maths behind the algorithm very quickly. It needs a bit of work on expanding the course and presenting a bit more slowly. Having said all that, the concepts and algorithms taught are very interesting and a good first step into the unsupervised learning section.",Coursera Online Course,Coursera Instructor,neutral,,en,coursera,1
6,Only part 3 was partly interesting and usefull. All the rest is vain.,Coursera Online Course,Coursera Instructor,negative,,en,coursera,0
7,"Lightweight and marginally informative. While it is clearly aimed at a lay audience, a deeper presentation of the scientific foundations of the disorder is sorely needed. If you're interested in the etiology of autism, you'll need to look elsewhere.",Coursera Online Course,Coursera Instructor,negative,,en,coursera,0
8,"I think the best quality of this course is that it is a short course, which bolds the most important facts in our mind. It is not like that we don't know them at all, It's just we don't pay much or enough attention.I start using this method from today and I hope it goes well !You should try this course, I think it worth it !",Coursera Online Course,Coursera Instructor,neutral,,en,coursera,1
9,"Theis course is substantially more difficult than the three first ones, and the material is scarce. However, I must admit that this is one of the courses I have ever learnt the most",Coursera Online Course,Coursera Instructor,positive,,en,coursera,2
10,"I like the content of the course.However, there are some remarks I want to share.For one of the asssignments I have to create an accout on Soundcloud. I never used it before and do not understand why I should leave somewhere my personal data if I do not plan to use this service in the future. I assume it as direct manipulation and do not like it at all.",Coursera Online Course,Coursera Instructor,neutral,,en,coursera,1
11,"I think the professor is clear an concise (I know, the word ""clear"" is not easy to define). The content is very interesting, and definitely relevant. It might be so that I won't use EVERYTHING I learned here in my daily life, but I definitely have tools to provide better arguments, and debate other people's arguments.Some parts of the course are heavy, but with a little bit of effort and dedication, one can follow.",Coursera Online Course,Coursera Instructor,positive,,en,coursera,2
12,No practical knowledge learnd and no clear examples of the topics. Too complex all the course,Coursera Online Course,Coursera Instructor,negative,,en,coursera,0
13,The course is ok but I found that there were some technical quirks that could be ironed out first. Example is to download the text files in the final assignment the command wget is invaluable. How to leave safe mode if the Name node is in safe mode. VirtualBox is default to 32 bit/ubuntu when the image is 64 bit/Centos/Redhat.In addition the course content is a bit little. It says 3 weeks but I finish it in 2 days. Perhaps it is about quality and not quantity.,Coursera Online Course,Coursera Instructor,neutral,,en,coursera,1
14,The first three weeks of this course is ok. The last assignment is very poorly structured with uninformative instructions.,Coursera Online Course,Coursera Instructor,negative,,en,coursera,0
15,"Covers a lot of info too fast! Some concepts are not clearly explained , had to surf online to get better understanding. Overall, fine course, very practical.",Coursera Online Course,Coursera Instructor,neutral,,en,coursera,1
16,Tiny lectures and no readings from professional books,Coursera Online Course,Coursera Instructor,negative,,en,coursera,0
17,"Some of the ideas discussed are useful & new to me like linear programming and what-if analysis. The content is more suited to this specialization context instead of teaching excel in general so in case you are looking to learn excel, this is not a great course. I didn't like the quizzes, most of the questions added no value. My suggestion to the instructors would be less questions on the quizzes and more relevant to what you teach. I wouldn't complete the course if it wasn't a part of the specialization that I am attending.",Coursera Online Course,Coursera Instructor,negative,,en,coursera,0
18,The teacher was great and it taught me a lot about web data technologies that I heard about but didn't specifically know.,Coursera Online Course,Coursera Instructor,positive,,en,coursera,2
19,The materials covered are not enough to fully explore the topics. Should include much more detailed explanations especially when explaining some of the complex algorithms.,Coursera Online Course,Coursera Instructor,neutral,,en,coursera,1
20,"It's ok; worth your time if you are trying to get into philosophy and want part of the proper foundation. Overall I enjoyed it and it was good as a hand-hold through the pre-Socratics and some of the most essential Platonic writings.Pros: the videos are pretty easy to understand, and the material chosen/covered is good to know.Cons: the video quiz questions are really...dull...and there are too many. A downside of the ease of the videos/lectures is that they don't really go that in depth, and they're nowhere near the quality I've seen in other Coursera courses (like the Kierkegaard course from UCopenhagen).",Coursera Online Course,Coursera Instructor,neutral,,en,coursera,1
21,Not so comfortable with using Excel.,Coursera Online Course,Coursera Instructor,neutral,,en,coursera,1
22,"Nice course. However I do not understand why javascript is treated in a way that separates it absolutely from its web-related applications (it is treated as a general purpose programming language, which it is nowadays, especially once node.js came to the fore, but still - it is primarily web language and it would be better to treat it as such, even more so when the rest of the course is focused on html and css.",Coursera Online Course,Coursera Instructor,positive,,en,coursera,2
23,"The material on graph analytics was of introductory level. A string of interesting ideas, with unclear explanations. The lesson on GraphX was basically a copy-paste introduction to it's abilities without actually teaching how to use it. The transcripts are full of mistakes. Someone not proficient in English or hard of hearing would be confused by them. It was somewhat difficult to understand the main lecturer. The best part was the explanation of Neo4j - and it was at an introductory level. A disappointment.",Coursera Online Course,Coursera Instructor,negative,,en,coursera,0
24,"The language is clear. The video edition is fine. The mathematical parts were illustrated fantastically. In my case , practice made master, meaning that I saw the videos several times and searched on wikipedia and googled words a few times. Maybe some ideas would've been better understood if it had been included the use of a special software such as AFNI or SPM, that's why I didn't give the five stars to the course.",Coursera Online Course,Coursera Instructor,positive,,en,coursera,2
25,"Very disappointed about this course. The topic is very interesting, for me at least, but the course organization is horrible. Lectures do not provide enough information to complete the assignments. Zero interaction from course staff. Issues with getting assignments graded. In previous session the staff just refered you to the coursera helpdesk, but you cannot easily contact coursera directly.Main focus of course seems to be earning money and not educating. Be warned and don't pay for this course!I really don't get why this course has so many good reviews.",Coursera Online Course,Coursera Instructor,negative,,en,coursera,0
26,"I liked the course very much, it could focus more on teaching metods during the assigments, but still give us a good material, tips and resourses to engage teaching practices.",Coursera Online Course,Coursera Instructor,neutral,,en,coursera,1
27,Great Course. Well paced. Learned a lot !,Coursera Online Course,Coursera Instructor,positive,,en,coursera,2
28,Too much time required. The first Quiz had almost nothing covered in the video lectures. I saved all transcripts and was unable to answer the questions. The Sim's... I have never seen anything like that and again - it most certainly wasn't covered in the lectures. Disappointed in this course. It took 3 hours for each segment of the first week... not 3 to 4 as was stated. Leaving this course.,Coursera Online Course,Coursera Instructor,negative,,en,coursera,0
29,1-week does not seem enough for a Crash Course,Coursera Online Course,Coursera Instructor,negative,,en,coursera,0
30,"Last assignment was *painful*: Poorly described instructions, outcomes/outpu; the grader was opaque and largely mute.",Coursera Online Course,Coursera Instructor,neutral,,en,coursera,1
31,The data document for assignment is a mess.,Coursera Online Course,Coursera Instructor,neutral,,en,coursera,1
32,"Course is a little formulaic, had trouble making my submissions follow the structure outlined but still, I learnt some useful tips and actually got to just write something orderly.Liked some of the visiting speakers (the third speaker who talked about character - mature lady, dark hair) was quite good. So was the first gentleman.Overall, the course is ok but given the strict methodology and requirements for writing, I don't know if I'll make it through the specialisation.Thank you for reading!",Coursera Online Course,Coursera Instructor,negative,,en,coursera,0
33,"Great course! The videos are fun, and I received a lot of great feedback from my fellow classmates.",Coursera Online Course,Coursera Instructor,positive,,en,coursera,2
34,"i generally think the course needs a lot of improvement as after week 1 the assignments and quizzes don't seem to relate to the course content. we are at very different levels so a more gentle easing and explanation of ideas is necessary other than this apparent quantum leap from one stage to the next. i have had to do a different course else where and i am getting the sort of good introduction into the R language, its not practical to expect everyone to understand the ideas in 4 weeks.programming is hard enough as it is.",Coursera Online Course,Coursera Instructor,negative,,en,coursera,0
35,Mentor review for the final project takes long time to be completed.,Coursera Online Course,Coursera Instructor,positive,,en,coursera,2
36,"I learned a lot and I'm very happy, Andrew you are awesome thank you so much!",Coursera Online Course,Coursera Instructor,positive,,en,coursera,2
37,"Extremely badly organized, messy, and technical",Coursera Online Course,Coursera Instructor,negative,,en,coursera,0
38,Should letting us do more programming stuff.,Coursera Online Course,Coursera Instructor,positive,,en,coursera,2
39,Absolutely Amazing course!!! best on Machine Learning for beginners...,Coursera Online Course,Coursera Instructor,positive,,en,coursera,2
40,"Shame on you University of Houston SystemI did the first three lessons, which are less than average, then went on to quiz 1, after completion, a window appeared to ask me for money to get my results! This information should have been provided when I enrolled! I find that very mis leading.",Coursera Online Course,Coursera Instructor,negative,,en,coursera,0
41,"Rather uninteresting presentation. I found it hard to become interested in the course or Kierkegaard after having high hopes of truly enjoying it. The best parts of the lectures were when the instructor was taped at venues pertinent to the course. The peer reviewers were not always fair, in my opinion. I'd spend my time elsewhere, personally, especially since this course was something for my own personal edification and not a requirement.",Coursera Online Course,Coursera Instructor,negative,,en,coursera,0
42,"The course content itself was good, however the final assignment was vague and confusing. I think my coursemates had the same problem; all of the submissions I reviewed failed to discuss in any way at least one of the learning objectives.",Coursera Online Course,Coursera Instructor,neutral,,en,coursera,1
43,I found Week 2: Binary Classification really confusing. It was just not clear. Specifics were not given. Definitions were not given. Poorly instructed.,Coursera Online Course,Coursera Instructor,negative,,en,coursera,0
44,Nice introductory course and very helpful,Coursera Online Course,Coursera Instructor,positive,,en,coursera,2
45,Quiz isn't challenging enough to validate the understanding of the user taking the course .,Coursera Online Course,Coursera Instructor,neutral,,en,coursera,1
46,"It's a well-taught course, and very interesting too",Coursera Online Course,Coursera Instructor,positive,,en,coursera,2
47,"My background is in software development, so I know a thing or two about writing code. I'm about halfway through the course, and I'm really struck by two things:",Coursera Online Course,Coursera Instructor,negative,,en,coursera,0
48,This is an excellent course for anyone who wants to be a better learner or help students become better learners!,Coursera Online Course,Coursera Instructor,positive,,en,coursera,2
49,It was too easy for me.,Coursera Online Course,Coursera Instructor,neutral,,en,coursera,1
50,Enlightening confluence of evolutionary psychology and Buddhism. I found it particularly helpfully in going further with my meditations and having a deeper understanding of the way it works.,Coursera Online Course,Coursera Instructor,positive,,en,coursera,2
51,"Tutors reading from a teleprompter comes across as robotic, lifeless and boring. We should be told before we do a piece of work that we can only submit it by upgrading, not afterwards!",Coursera Online Course,Coursera Instructor,negative,,en,coursera,0
52,"Very shallow coverage, doesnt have the scope to be an entire Course!",Coursera Online Course,Coursera Instructor,negative,,en,coursera,0
53,"I would not recommend this course. The content is very relevant to the subject matter. However, the lectures are much longer than they need to be, and filled with unnecessary commentary. The instructor often verbally discusses the statistical formula with a few bullets on a slide with the focus on himself. The delivery would be much better if the instructor would put himself in the background and the focus be reoriented on a whiteboard style walk-through of the equation at hand.",Coursera Online Course,Coursera Instructor,negative,,en,coursera,0
54,"since there is a lot of math involved, there should be some carefully written readings. (not only slides or phd thesis)",Coursera Online Course,Coursera Instructor,negative,,en,coursera,0
55,I wish the teachers would go more into how to come up with solutions to the functional problems.,Coursera Online Course,Coursera Instructor,negative,,en,coursera,0
56,"it has a lot of nice information about the brain and ways of study, but this whole course is a way of procrastinating.I feel like it could have been summed up really much better into written text and finished at a much faster rate.",Coursera Online Course,Coursera Instructor,negative,,en,coursera,0
57,"A lot of material is presented here which is both good and bad. You will find yourself googling a lot of things as the videos cover certain aspects quite quickly, even some that are important to the assignments.If you have the time to research some of the concepts on your own I say go for it. However, if you don't have much time or you are a complete beginner I would maybe try something else.",Coursera Online Course,Coursera Instructor,neutral,,en,coursera,1
58,very tough to catch up.,Coursera Online Course,Coursera Instructor,negative,,en,coursera,0
59,"Compared to the previous courses in this specialization I found this a tough course. Calculating the big-O for yourself wasn't easy. The descriptions of the applications #1 and #2 were not very clear to me at the start (probably because English is not my first language). Some sentences I had to read several times before I understand what was asked. But the things I learned are useful and I am definitely sure that what I have learned here I can use in my work as software engineer. Thank you Luay, Scott and Joe for another excellent course.",Coursera Online Course,Coursera Instructor,positive,,en,coursera,2
60,Good vibe but way too easy.... even for beginners! I am no beginner but I finished the whole thing in less than an hour.... Not much learned,Coursera Online Course,Coursera Instructor,neutral,,en,coursera,1
61,"A good foundation course. I believe the information regarding tools and techniques could've been presented in a better manner by working on live files and displaying it. It was monotonous. Apart from the rest, the final course case studies were brilliant and helped us to collaborate our understanding of the course.",Coursera Online Course,Coursera Instructor,neutral,,en,coursera,1
62,"Interesting concepts. The instructor is knowledgeable. As an organizational development practitioners, I found it very academic relative to the terms used and examples given. In some cases, I had to translate the terms used to every day layman language to really understand the concepts as they would apply in my day-to-day work.",Coursera Online Course,Coursera Instructor,neutral,,en,coursera,1
63,"I would give this lecture a three because it is a very independent and useful course, but I feel like the presentation skills could have been improved upon and found the information very dry. I really liked the intent and where she was going.It was easy to follow and complete, although there was something missing for me.",Coursera Online Course,Coursera Instructor,neutral,,en,coursera,1
64,Wonderful primer on how to get thinking creatively about data.,Coursera Online Course,Coursera Instructor,positive,,en,coursera,2
65,This course seemed a bit spread too thin. Not much real coverage on post-production; mostly just an intro and that was at the expense of more learning on composition.,Coursera Online Course,Coursera Instructor,neutral,,en,coursera,1
66,gives us the corefoundation of starting a career in game design,Coursera Online Course,Coursera Instructor,positive,,en,coursera,2
67,"The final lab had an error that took a long time to find a solution for, which was disappointing. For a paid course, you would expect the labs to be better quality tested.",Coursera Online Course,Coursera Instructor,neutral,,en,coursera,1
68,For a beginner like me its totally going over the head. I mean i get the logic but if you guys can please give more code...I am learning data structures for the first time and it is bit difficult for me to grasp it all and write codes in a week...,Coursera Online Course,Coursera Instructor,neutral,,en,coursera,1
69,"The accent of this teacher made me struggle to comprehend some of the most basic concepts she was presenting. I learned way much more on the previous modules of this specialization.The course should be 2/5 stars, but thanks to Boston and McKenzie articles, I will give an extra one.",Coursera Online Course,Coursera Instructor,neutral,,en,coursera,1
70,Bad one. Most of the time he was only giving what is their in the course Mooc 1 2 3etc etc. Irritated,Coursera Online Course,Coursera Instructor,negative,,en,coursera,0
71,"As a manager in an IT consultancy, I can't justify sending my personnel through this course, even at $69 per course. The amount of information gained is very thin and does not move one toward being productive.",Coursera Online Course,Coursera Instructor,negative,,en,coursera,0
72,"Nice, informative, but basic and short.",Coursera Online Course,Coursera Instructor,neutral,,en,coursera,1
73,"Great Course. Can gain the essential insights in the field of machine learning and lay a great foundation for more sophisticated topics in this area such as deep learning. Professor Ng shares each concept step by step in a really considerate way. It's a very enjoyable experience for me. Before this course, I have no coding experience at all. It is good for beginners and opens a new window for me.",Coursera Online Course,Coursera Instructor,positive,,en,coursera,2
74,Assignments were just not that challenging except first one,Coursera Online Course,Coursera Instructor,neutral,,en,coursera,1
75,It's very useful to learn how excel able to handle different mathematical models,Coursera Online Course,Coursera Instructor,positive,,en,coursera,2
76,"Would have welcomed more or longer lectures, and more variety in the assignments.",Coursera Online Course,Coursera Instructor,neutral,,en,coursera,1
77,Very good! I want know a qualitative approach.,Coursera Online Course,Coursera Instructor,positive,,en,coursera,2
78,This course was great and the instructor was very helpful. Peer comments also helped me to improve my techniques throughout the course.,Coursera Online Course,Coursera Instructor,positive,,en,coursera,2
79,"This course is not about Excel or MYSQL. This is only about Probability distribution, binary classification etc. So, if you're interested in learning some Math, this is a great course for you. But certainly not for learning some basic Excel and MYSQL. I am very disappointed and have lost all my money for nothing. I did not learn what I had initially thought I will. I feel cheated, I have lost both time and money at the same time.",Coursera Online Course,Coursera Instructor,negative,,en,coursera,0
80,"It's a good course, In the last lesson miss more examples.",Coursera Online Course,Coursera Instructor,neutral,,en,coursera,1
81,Great ideas to improve the technical knowledges to scrapping web data,Coursera Online Course,Coursera Instructor,neutral,,en,coursera,1
82,"it was a great course, it helped me a lot reviewing my English grammar. I appreciate for everything and I will recommend this course to everyone who wants to write better the English language. Thanks",Coursera Online Course,Coursera Instructor,positive,,en,coursera,2
83,Don't recommend.You're better off skimming through the ableton manual and using the search function to get the answers you want.,Coursera Online Course,Coursera Instructor,negative,,en,coursera,0
84,"I'll say the same about this class as the rest of the specialization, if you have the skills to complete this course then you don't need to take this course. If you don't have the skills to complete this course, you will not complete this course. The course instruction is at 10000 feet level and the assignments are very challenging and the course will NOT teach you the skills required to complete the assignments.I recommend the Machine Learning Course (from Bill's colleagues) at University of Washington. That is a course where you get some real instruction and understanding of how to complete assignments (though still very challenging).",Coursera Online Course,Coursera Instructor,negative,,en,coursera,0
85,"Very basic the first week, good introduction the second and awesome after the third. 3 starts represent the median value",Coursera Online Course,Coursera Instructor,neutral,,en,coursera,1
86,Great introduction to business. It helped me greatly preparing (without having a business background) for interviews at a large consulting firm.,Coursera Online Course,Coursera Instructor,positive,,en,coursera,2
87,"A good course, I always know some of these idea in the course, but not systematically, so I tend to ignore them. Now I know that how to learn and those idea works. I am sure this course shall help me out of the mud and haze of thinking.",Coursera Online Course,Coursera Instructor,positive,,en,coursera,2
88,Kind of slow in the beginning but picked up to the end to give me a challenge,Coursera Online Course,Coursera Instructor,positive,,en,coursera,2
89,One of the best coursera courses that I've ever done.,Coursera Online Course,Coursera Instructor,positive,,en,coursera,2
90,I really liked the combination of an hands-on approach and some in-depth theory.,Coursera Online Course,Coursera Instructor,positive,,en,coursera,2
91,the speech is too fast to be catch up with and doesn't have much useful contents,Coursera Online Course,Coursera Instructor,negative,,en,coursera,0
92,The teacher could be more enthusiastic because sometimes it turned boring.,Coursera Online Course,Coursera Instructor,neutral,,en,coursera,1
93,"Much better Courses are available for free on udacity and edx. this is only a money making course. concepts used are very old. nothing new in this course. One can dwell in PID controllers for life, its a huge are and the way its used here is totally ancient. its just some ancient methods in new quadcopters.",Coursera Online Course,Coursera Instructor,negative,,en,coursera,0
94,Awesome course. Well presented lectures and good assignments. Looking forward to join more courses by Dr. Chuck,Coursera Online Course,Coursera Instructor,positive,,en,coursera,2
95,"Though the course itself is introductory in nature, i wish there was a lecture on what and how exactly are these going to be useful with the help of a real life example and also an increase in the depth of the content.",Coursera Online Course,Coursera Instructor,neutral,,en,coursera,1
96,"The final assignment is impossible to finish since I have 10.4 version in my computer. You, as the course provider, should modify the assignment instead of asking the student to make changes. The point is that we are trying to gain some knowledge, not wasting time on solving those bugs.",Coursera Online Course,Coursera Instructor,negative,,en,coursera,0
97,"Excellent course with relevant content, good directions and easy to grasp.",Coursera Online Course,Coursera Instructor,positive,,en,coursera,2
98,"The course was a very efficient intro to using Python to get data from various simple sources and the different structures that can be used to hold and manipulate the data. The course starts with the intuitive methods to solve problems and then introduces more complex and process friendly alternatives to demonstrate how creativity and knowledge of Python can be used to generate elegant and efficient code. The auto-grading of assignments can be a little maddening as the correct answer needs to be formatted precisely as is expected or else it will be counted as incorrect. The good thing here is that it forces you to fully understand the data types and data, the bad is it can be frustrating not knowing if the answer is wrong or just the format of the answer. Admittedly, I feel this effort forced me to become a better Python programmer.",Coursera Online Course,Coursera Instructor,positive,,en,coursera,2
99,"Very brief , some points are leaved without explanation",Coursera Online Course,Coursera Instructor,negative,,en,coursera,0
100,"student needs to read a lot out of this course in order to solve the exercises!the course materials are not enough, and they focus more on images, while this entire course for beginners level, it should be fundamental stuff.overall the course is good but needs more changes",Coursera Online Course,Coursera Instructor,neutral,,en,coursera,1
101,Great introduction to material science :),Coursera Online Course,Coursera Instructor,positive,,en,coursera,2
102,If only the audio was clearer. Subtitles are also out of sync.,Coursera Online Course,Coursera Instructor,neutral,,en,coursera,1
103,"I enjoyed this course. It's a little easy to pass - great for someone new to Coursera and/or beginning learning, but it's interesting and offers practical real-life tasks.",Coursera Online Course,Coursera Instructor,positive,,en,coursera,2
104,The pronunciation of the lector was more than awful! His English is quite unsuitable for video lectures! It was just a torture listening to him!,Coursera Online Course,Coursera Instructor,negative,,en,coursera,0
105,"Very poor .........Never expected this from COURSERA. The person is just reading the slides, there is no learning action taking place",Coursera Online Course,Coursera Instructor,negative,,en,coursera,0
106,"Unsyncronize subtitle with audio. Please fix thisIMO, I think the video must not too long. (below 10 minutes/video), so lecturer separated it to more segment. And give pop-up quiz in video",Coursera Online Course,Coursera Instructor,negative,,en,coursera,0
107,The app is neat but too short.,Coursera Online Course,Coursera Instructor,neutral,,en,coursera,1
108,Nice course to learn data science.,Coursera Online Course,Coursera Instructor,positive,,en,coursera,2
109,Very easy to follow yet imparts a deep understanding of the subject.,Coursera Online Course,Coursera Instructor,positive,,en,coursera,2
110,"Hands down, one of the best courses I've ever taken. Exciting, informative and motivating teaching style!",Coursera Online Course,Coursera Instructor,positive,,en,coursera,2
111,"Excellent material, even though students met several problems with the new Coursera platform. I highly recommend this course.",Coursera Online Course,Coursera Instructor,positive,,en,coursera,2
112,"The course content is good. However, by the review assigment i can see that the concepts were not clear, ther",Coursera Online Course,Coursera Instructor,neutral,,en,coursera,1
113,"Interesting learning course. You need to stick to follow the videos (may seem a tedious by moment). Overall, a good average course.",Coursera Online Course,Coursera Instructor,neutral,,en,coursera,1
114,Basic course with videos running too fast......,Coursera Online Course,Coursera Instructor,neutral,,en,coursera,1
115,Staff are incredibly arrogant bordering on aggressive. The very worst of the pontificating profession - and what we long term learners and educators know to be all too common. I couldn't stand it so I stopped. Would never recommend.,Coursera Online Course,Coursera Instructor,negative,,en,coursera,0
116,well organized but need more assignments and practical assignments,Coursera Online Course,Coursera Instructor,neutral,,en,coursera,1
117,the equations/math could have been delivered in a much better way,Coursera Online Course,Coursera Instructor,neutral,,en,coursera,1
118,WoW awful presentation but great instructor. I expected much more than this but :(Leveraging employer brand is not compelete :\,Coursera Online Course,Coursera Instructor,negative,,en,coursera,0
119,"A solid course, let down by quality issues in the last two modules. I hope these are fixed soon because it would make this a top notch course...",Coursera Online Course,Coursera Instructor,neutral,,en,coursera,1
120,"In my opinion, this course was way too theoretical. I wish we had more examples and practical exercises. After four courses in a row I was expecting much more skills rather than theoretical discussions all the way long.",Coursera Online Course,Coursera Instructor,neutral,,en,coursera,1
121,I found the lessons on cultural aspects were very interesting and well instructed.,Coursera Online Course,Coursera Instructor,positive,,en,coursera,2
122,its all reading no lectures..was boring,Coursera Online Course,Coursera Instructor,neutral,,en,coursera,1
123,This Course provides a solid footing in the know-how and application of Macroeconomics Principles in simple and difficult situations. I would recommend this course for anyone who is concerned about the implications their business decisions can make on their reality.,Coursera Online Course,Coursera Instructor,positive,,en,coursera,2
124,Very good course for introduction to ML. Must have.,Coursera Online Course,Coursera Instructor,positive,,en,coursera,2
125,There is practically nothing in this course to learn. It can be termed as a introduction to the specialization,Coursera Online Course,Coursera Instructor,neutral,,en,coursera,1
126,"The instructer is not fluid, a ""mentor"" is devoid of critical thinking in communicating through the discussions section, the peers are reviewing haphazardly while ""mentors"" offer their own essays (from the past?) where they use material outside of the course readings which may sound plagiarizing after that long warning in each introductory section for writing assignements.",Coursera Online Course,Coursera Instructor,neutral,,en,coursera,1
127,I am dropping this course. don't e-mail any more for this course. How do I unroll in this course.,Coursera Online Course,Coursera Instructor,negative,,en,coursera,0
128,"As a guest writer for over 2 years and writing 70+ articles, with no prior formal training, I found this to be very refreshing to understand key concepts of journalism, especially on fairness, accuracy to promote credibility.This is a good course for those who not only beginners but people who written before and want to hone their values and concepts in journalism.",Coursera Online Course,Coursera Instructor,positive,,en,coursera,2
129,Thank you for this course! It was very engaging. The instructor's explanations were clear and the demonstrations were excellent.,Coursera Online Course,Coursera Instructor,positive,,en,coursera,2
130,The lectures tend to be a bit boring. However the hands on assignments give great insight into understanding the basic concepts of game design and narration.,Coursera Online Course,Coursera Instructor,negative,,en,coursera,0
131,This is a great source for new ideas in how to built fine products.,Coursera Online Course,Coursera Instructor,positive,,en,coursera,2
132,It's way to easy to be a separate course. It should be part of R Programming.,Coursera Online Course,Coursera Instructor,neutral,,en,coursera,1
133,"Great course, very hands-on approach to learning.",Coursera Online Course,Coursera Instructor,positive,,en,coursera,2
134,"Pretty Simple stuff - but would've been better if there was actually something we worked on in a group, or an actual project to 'plan' or gantt chart to create.",Coursera Online Course,Coursera Instructor,neutral,,en,coursera,1
135,Instructors are amazing and the course is not overwhelming at all.,Coursera Online Course,Coursera Instructor,positive,,en,coursera,2
136,The assignments were not very challenging nor were the lectures very in depth.,Coursera Online Course,Coursera Instructor,neutral,,en,coursera,1
137,I did not find this helpful for a complete beginner. I will try an alternative course!,Coursera Online Course,Coursera Instructor,negative,,en,coursera,0
138,This was an excellent class taught by a wonderful professor. Professor Adams needs to do a follow-up to this class in the future that expands on subjects taught.,Coursera Online Course,Coursera Instructor,positive,,en,coursera,2
139,Definitely Not for young new front end learners .Lots of things difficult to understand.,Coursera Online Course,Coursera Instructor,neutral,,en,coursera,1
140,"Very well conducted for a beginner, but some lectures seems too long to convey a simple concept.",Coursera Online Course,Coursera Instructor,neutral,,en,coursera,1
141,"This is a really weak, and not very smart course compared to the other two in this specialisation (strategy formulation & strategy implementation)",Coursera Online Course,Coursera Instructor,negative,,en,coursera,0
142,"Very nice introduction to the topic. I wish it had more ""meat"" and more exercises to develop the skills presented during the class.",Coursera Online Course,Coursera Instructor,negative,,en,coursera,0
143,"Very useful course! But it is not challenging enough. My advice: more challenging assignments to be given, and do not give too many detailed steps or instructions in the assignments. Let students themselves to solve the algorithms. Overall, this course is very useful and I like the lectures of Robert the most! His logic is extremely well explained.",Coursera Online Course,Coursera Instructor,positive,,en,coursera,2
144,"This course needs major improvement. Lectures included errors in the code. While showing code in video lectures instructor was quick to delete code, not giving time for students to view and understand what had just been shown.On Dec 15, two weeks before due date of final project, large portions of all weeks of the course were changed, requiring going back through to complete these new lectures. No adjustment was made to the due date.Requirements for the final project are vague and confusing and I am not able to submit the final project by the due date in about 2 hours. If this issue is not addressed I will need to consider adjusting my star rating.This experience casts a negative impression for me on the Coursera platform and University of Toronto teaching staff.I'm disappointed.",Coursera Online Course,Coursera Instructor,negative,,en,coursera,0
145,"A good introduction to design of more complex Scala programs in a functional manner.Left a few things to be desired some places, such as: less legacy from the previous ""reactive programming in scala"" course; a discussion of immutable options for functional reactive programming; and a demonstration of an implicits-based implementation of Functional Reactive Programming, as was mentioned.For the most part a great course though.",Coursera Online Course,Coursera Instructor,positive,,en,coursera,2
146,The coarse precisely and concisely says everything about basic epidemiology.,Coursera Online Course,Coursera Instructor,positive,,en,coursera,2
147,It is no that perfect.The instructor focus on explaining what the code do instead of implementing it in the same video.I think the only downside is that he prepare his code and we can't implement the code at the same time because it is already given,Coursera Online Course,Coursera Instructor,neutral,,en,coursera,1
148,Learning how to learn has never been easier and more fun! This course is an invaluable aid to learn ANYTHING. It provides 'know-how' and confidence in your ability to master any subject matter. The techniques provided to deal with procrastination have significantly impacted my life. I am grateful to Coursera and to instructors Terrence Sejnowsi and especially Barbara Oakley for making learning such a pleasure. Thank you!,Coursera Online Course,Coursera Instructor,positive,,en,coursera,2
149,"All in all the material, videos and assignments were very interesting and they made up an exciting course.However, some of the slides lacked sufficient information on notions or did not make references to supplementary sources. The assignment material (mainly pdfs) sometimes had typos which made solving them a bit confusing and more time consuming without actually being very difficult. Also for both slides and assignments the notations were not always consistent and/or variables disappeared from equations without clear explanations.I hope in the next offering of this course there will be improvements on these aspects.",Coursera Online Course,Coursera Instructor,neutral,,en,coursera,1
150,"I would like to study this course. So, It is giving me more knowledge.",Coursera Online Course,Coursera Instructor,positive,,en,coursera,2
151,"I have followed 2 courses at the same time: this one and ""HTML, CSS and Javascript"". They are covering the similar topics but this class has fallen short on most of the subject.Lecture time is very little. Short videos, and few of them. Each video is mostly non-focused talking, very few examples and so you don't learn much.By comparison, the other class has a lot of videos, each video is much longer and goes into many examples. Time is spent on focusing on the things to learn, and you get a lot out of it.I am dropping out of this specialization and will follow the other one which I hope will bring good content (unfortunately the following classes are not from the same teacher but from the same university). The following classes from this specialization are from the same teacher, so I don't think things will improve much.",Coursera Online Course,Coursera Instructor,negative,,en,coursera,0
152,So basically it cuts off. It's like it gives you part of the information and then drops off. They also speed through it much like my old math teacher in college whcih caused 73% of the class to drop. Now I'm in them mist of it Paid for blue host. Paid for my web name and it looks like I'm going to have to pay someone to finish it. So bascially what I got was a bunch of added on expenses and still no web site. I would not recommend this course.,Coursera Online Course,Coursera Instructor,negative,,en,coursera,0
153,Pretty good intro into accessing web data. Should be updated to use python 3 in my opinion since this is for new python users. Most of the course is useless to me because python 2 and python 3 are very different with beautiful soup and this and that.,Coursera Online Course,Coursera Instructor,neutral,,en,coursera,1
154,GOOD!I can learn something about the foundation of Graphic Design.,Coursera Online Course,Coursera Instructor,positive,,en,coursera,2
155,10/10 would program again,Coursera Online Course,Coursera Instructor,negative,,en,coursera,0
156,This was a great course and I wasn't expecting to learn as much as I did. Prof. Chaikin is one of the most clear and concise teachers I've had the pleasure to have. The quality of the course is awesome and I recommend it to anyone who wants to get a grasp of Web Development.,Coursera Online Course,Coursera Instructor,positive,,en,coursera,2
157,"The course contains some interesting insights on writing a scientific paper. What I like about the course is that it is given by graduate students. But this is also a drawback. Sometimes, the material seems too simplistic.",Coursera Online Course,Coursera Instructor,neutral,,en,coursera,1
158,"This is a part of the data specialization; from afar, I would not be interested in Machine Learning because of this course. I will seek other methods to learn.",Coursera Online Course,Coursera Instructor,negative,,en,coursera,0
159,Love the clarity of the instructors deliver which is supported by great explanations and most importantly visual aids & demonstrations.,Coursera Online Course,Coursera Instructor,positive,,en,coursera,2
160,"A decent course, perhaps not as interesting as the previous one. But definitely very innovative and informative",Coursera Online Course,Coursera Instructor,neutral,,en,coursera,1
161,"None of the previous classes will prepare you for this one. This is not really a class, but rather a project on a topic NEVER covered in any of the previous classes in this specialization.",Coursera Online Course,Coursera Instructor,negative,,en,coursera,0
162,"Very good course even for beginner, who has to do a bit more homework to find out things that are expected to be commanded already. But after the course I can say that I already know a bit of disciplined java programming.",Coursera Online Course,Coursera Instructor,positive,,en,coursera,2
163,"Although Parham Aarabi is listed as the professor throughout this specialization, it's a bit of a bait-and-switch. Prof Aarabi is an award-winning professor at U of Toronto, but it turns out he knows little about iOS and has Jack Wu teach most of the material. Jack Wu is probably a heck of a developer but he's a terrible instructor. This class is the best of the three in the specialization because Mike Spears does a pretty good job with the sections he teaches.",Coursera Online Course,Coursera Instructor,neutral,,en,coursera,1
164,Very professionally presented. If I had the money I would enroll in the Master program!,Coursera Online Course,Coursera Instructor,positive,,en,coursera,2
165,"Some instructions of the programming assignments are not all that clear, which wasted me a lot of time.",Coursera Online Course,Coursera Instructor,neutral,,en,coursera,1
166,"Instructor seems uninterested or bored. Sometimes he only reads the slides without adding anything else to the content. Others, he goes quickly through a slide without any time to digest the information. Overall, intro level concepts are ok, but specifics about creation or handling of tools is left without deeper explanation",Coursera Online Course,Coursera Instructor,negative,,en,coursera,0
167,"I was really disappointed with this course. I took the other courses from Brian Caffo and truly enjoyed them. For the previous courses, I've always used the books and they helped me tremendously to be able to comprehend the material. There is a book for Regression Models but but it's a real mess. It feels like a draft that no one cared to take a second look. There is a bunch of wrong code and typos. The explanation doesn't go as far as it should. I had to resort to many different sources just to be able to get by the course. I hope the instructors review this course soon because it does not have the same quality as others. If they don't review it, don't bother paying for it. Try learning Regression Models elsewhere.",Coursera Online Course,Coursera Instructor,negative,,en,coursera,0
168,Course content and assignments were difficult to follow. Loads of statistical content along with high-level R content means it was probably the toughest of the 4 I have taken so far in the Coursetrack.,Coursera Online Course,Coursera Instructor,negative,,en,coursera,0
169,a bit tough and abstract but it is worth the effortreally gets you up to speed with current NN methods,Coursera Online Course,Coursera Instructor,positive,,en,coursera,2
170,This will probably be the worst course in the specialization and for good reason. The entire course is designed to overload you with terminology to get you up to speed for the follow courses. As a result this is a pretty bland and boring 4 weeks. The assignments feel like tedious filler an a lot of the questions in them are very poorly worded. The saving grace is that the course is just 4 weeks and can be completed in a fairly short amount of time.,Coursera Online Course,Coursera Instructor,negative,,en,coursera,0
171,Actually I like the videos. The school is so dynamic! I love it!Just not that systematic. The structure of this course is kind of loose.,Coursera Online Course,Coursera Instructor,neutral,,en,coursera,1
172,"I have taken several MOOCs from several Universities and think that the Dutch ones (Universiteit Amsterdam & Universiteit Leiden) are amongst the best. I used to live in Leiden so I must confess as little personal bias, but what I really applaud is the way that the instructors actively encourage you to find out more than what's just required to obtain a pass mark. I think I'm now quite an expert on Volcanoes!",Coursera Online Course,Coursera Instructor,positive,,en,coursera,2
173,"Enjoyable, thank you !",Coursera Online Course,Coursera Instructor,positive,,en,coursera,2
174,"I'm several months into this specialization. It seems to practice little of what it preaches in its design and pedagogy. I've paused repeatedly because I find the whole experience needlessly clunky and frustrating, and I rarely feel like I've learned much at the end of the assignments. I often wonder if anyone on the UCSD/Coursera side ever actually tries to complete the assignments. The quiz is missing key links and the questions read as if they were written by someone who's first language is not English. Pretty sloppy effort.",Coursera Online Course,Coursera Instructor,negative,,en,coursera,0
175,"Went in a slow pace. Enjoyed the modules, especially final assignment.",Coursera Online Course,Coursera Instructor,neutral,,en,coursera,1
176,"It is a good course, but the quiz/exercises are very difficult, and sometimes, unrelated to the topics",Coursera Online Course,Coursera Instructor,neutral,,en,coursera,1
177,looks good ...lets see how much of help it can be to me Thanks coursera,Coursera Online Course,Coursera Instructor,neutral,,en,coursera,1
178,really basic course. The second lecturer is disappointing.....,Coursera Online Course,Coursera Instructor,negative,,en,coursera,0
179,"This course is not set up right, the assignments ask you to do things that aren't explained until the next weeks content, its kind of discouraging. In the end, it does teach you the basics of R, its just too bad that the way to get there is aggravating.The reason I still only give it 2 stars is because of the quality of the courses itself. There are many, many 1 and 2 minute videos, these could've easily been combined. The teacher seems unprepared in his lectures, he stutters and repeats a lot and makes a weird noise between slides. This shouldn't be necessary with pre-recorded lectures. The assignments and quizzes are also poorly written and contain spelling and sloppy mistakes, which doesn't make sense because the material isn't new. It all just makes it seem like the teacher doesn't really care and just wants to sell the course to a lot of people without putting in much effort.If you are not following the specialization I would not advise this course for beginners. I'm quite surprised to see the course get such high ratings.",Coursera Online Course,Coursera Instructor,negative,,en,coursera,0
180,"Should have talked about how German and other European industries used forced labour for their benefit. Siemens is still involved in lawsuits about this and is on the news now.Please also talk about IBM's involvement in helping Nazi's with punch cards to help organise the millions of jews and other races they murderedArt theft is something thats really interesting that was not touched upon. THe german govt is now providing subsidies to art owners who wish to examine the provenance of the art they own so that it can be returned to the heirs of the rightful ownersInvolvement of Swiss (while being neutral) in banking and financial support to Nazis and exploitation of Jews is something that missing here. Numbered accounts were created to help jews send their money abroad without being detected, but their heirs could never get the money back",Coursera Online Course,Coursera Instructor,neutral,,en,coursera,1
181,"Course material was highly relevant, and well put-together. Videos were well done.",Coursera Online Course,Coursera Instructor,positive,,en,coursera,2
182,This course not only motivated me to get into machine learning but also made me aware how easy it is to learn online.,Coursera Online Course,Coursera Instructor,positive,,en,coursera,2
183,As a beginner course it's okay.Needs to be more competitive and tough.,Coursera Online Course,Coursera Instructor,positive,,en,coursera,2
184,"Very basic, the 'hands on' exercises are not very hands on and do not actually add much value",Coursera Online Course,Coursera Instructor,negative,,en,coursera,0
185,"I was somewhat disappointed in this course as I expected much more ""practice"". The assignments did not have you actually perform any analytics activities. The course materials seem very out of date considering how much things change in the digital age. Reading Blogger posts from 2006 on a Blogger blog that hasn't been updated since 2012 is not forward thinking in my view. Yes, things don't always change, but the face of analytics changes daily.",Coursera Online Course,Coursera Instructor,neutral,,en,coursera,1
186,"This course was a positive surprise! Professor Hare is a really good lecturer, you can feel his energy even if it's all recorded and the course is very well structured (and does not take too much time). I'm a dog lover and owner (I have 2 dogs), but I would strongly recommend this course to anyone who is interested in extending ones common knowledge, plus, it is a very interesting topic to bring up when networking as well as a conversations starter!Thanks for an awesome course!",Coursera Online Course,Coursera Instructor,positive,,en,coursera,2
187,"Perhaps it's just that I'm not a part of the target audience of this course, but I am deeply dissatisfied with it. Aside from a couple of rare interviews and old video records [which admittedly were very interesting, though too few], I found nothing of value that cannot be learned by reading Wikipedia or other easily accessible sources. The course is pretty light on technical details and there could [and perhaps should] have been much more beyond-the-scenes content, as well as references to specific documents and events in order to justify this course's existence.In other words, if you are a techie and are indeed interested in this topic, chances are that you already know most of the material taught.",Coursera Online Course,Coursera Instructor,negative,,en,coursera,0
188,Good introduction to PM,Coursera Online Course,Coursera Instructor,positive,,en,coursera,2
189,79 USD? just to be able to submit peer-graded assignments... talk about greed,Coursera Online Course,Coursera Instructor,negative,,en,coursera,0
190,"Good course for beginners, but those with higher levels of nutrition knowledge will likely: 1. Find it way too easy; 2. Find that the recipes actually contain rather unhealthy ingredients (e.g., always avoid butter--too unhealthy); and 3. Find the lack of vegetarian, vegan, low-carb, and other diet-lifestyles discouraging.",Coursera Online Course,Coursera Instructor,neutral,,en,coursera,1
191,"The class was a helpful intro to pandas. But it was not as much a class as it was a series of homework assignments and the student painstakingly looking things up on stackoverflow. In the end, i am positive I got the correct answers using a horrible coding method and will never see the correct solutions. There should be a little bit more handholding in order for the student to learn the concepts. Otherwise, I might just throw a class up on coursera, give the link to docs.python.org, tell the students to read it and then they will be experts at python.",Coursera Online Course,Coursera Instructor,negative,,en,coursera,0
192,The course is almost about nothing. It seems to me that the teacher didn't make enough preparations and make a lot of mistakes during the couse. After 8 weeks of Arduino-related courses I've got almost nothing new besides first 2 chapters of Arduino Starter Kit book.,Coursera Online Course,Coursera Instructor,negative,,en,coursera,0
193,At the beginning I wasn't sure about the teacher but he turned out to be amazing!,Coursera Online Course,Coursera Instructor,positive,,en,coursera,2
194,"it provides me a lot new point of view knowledge , and it broads my eyes of view, and i appreciate the astonishing new ideas and concepts.",Coursera Online Course,Coursera Instructor,positive,,en,coursera,2
195,Good and clear content. A bit from an American point of view... I missed some in depth explanation (like the class of the nerv-system or the Glycemic index). Overall easy to watch and good lessons.,Coursera Online Course,Coursera Instructor,neutral,,en,coursera,1
196,Amazing course! One thing I can recommend is maybe a place for time management. Simply because I attempted to use what the course has taught me but I simply didn't have enough time.,Coursera Online Course,Coursera Instructor,positive,,en,coursera,2
197,"I don't mean to be harsh, but this course is increibly boring and sluggish. The reading material is heavy, the lecturers speak so slowly and dispassionately that it's impossible to engage with the subject.I'm sure that there is really good content here, but I couldn't find it.",Coursera Online Course,Coursera Instructor,negative,,en,coursera,0
198,Should state up front that there is no auditing. Unable to continue this course without Upgrading.,Coursera Online Course,Coursera Instructor,negative,,en,coursera,0
199,"While this course seems to have potential, there are many aspects of it that don't result in a great learning experience. The course resources comprise of videos and notes. The videos are informative but the notes are fairly lacking. Perhaps the biggest issue that I found with this course was the disconnect between the material covered in the videos and that which was tested on the quizzes. Often times the quiz questions were either painfully easy or worded in such a way that was not verifiable in any of the class resources. As a result, confusion occurred sometimes more often than true learning. A topic such as missing data is naturally very complex and I wouldn't expect a short course on Coursera to be able to adequately cover it. However, I do think that a lot more could be done to improve the value of this course even if that means changing the scope of the materials. Also, the lack of responsiveness to issues raised on the forum and issue-reporting buttons was a disappointment.",Coursera Online Course,Coursera Instructor,negative,,en,coursera,0
200,Too much focus on technicalities - not management based.,Coursera Online Course,Coursera Instructor,negative,,en,coursera,0
201,This course doesn't help much,Coursera Online Course,Coursera Instructor,negative,,en,coursera,0
202,It seemed this course was a teaser to get people to enroll in/pay money to join the dogcognition program at Duke. I realized this in week 2 and did not continue the course.,Coursera Online Course,Coursera Instructor,negative,,en,coursera,0
203,Perfect guided course. The only handicap to me is the accent of the speaking English. I hardly understand what they are saying without subtitles.Thx for your all precious effort.,Coursera Online Course,Coursera Instructor,negative,,en,coursera,0
204,Great course. Everyone interested on a scientific comprehension of buddhism and mindfulness should take it.,Coursera Online Course,Coursera Instructor,positive,,en,coursera,2
205,very good first step to public health,Coursera Online Course,Coursera Instructor,positive,,en,coursera,2
206,"The most weak part is automatical grading. When structure and semantics are essential, text inside tag is not, guessing if exists space between elements isn't acceptable as well. Also it's difficult to check when long code snippets should be pasted as plan text in short text field. Better to use file uploading with required snippet. For me also not enough accent was on html 5 features with dedicated examples how use new tags and attributes.",Coursera Online Course,Coursera Instructor,neutral,,en,coursera,1
207,The course was extremely helpful. As a practitioner I will be able to apply my learning in my work with local and state governments and development organisations.,Coursera Online Course,Coursera Instructor,positive,,en,coursera,2
208,A superb in depth study!,Coursera Online Course,Coursera Instructor,positive,,en,coursera,2
209,"I really enjoyed the first two weeks. When it came to JavaScript I couldn't follow, so much information was missing and lessons were not clear anymore. I understand that the goal was to teach the most in a short time but this was not the right approach.",Coursera Online Course,Coursera Instructor,negative,,en,coursera,0
210,"This course lacks a level of professionalism. The splicing of the videos is bad, and for me actual video of how t",Coursera Online Course,Coursera Instructor,negative,,en,coursera,0
211,"Poor lectures, inaccurate and incomplete information. Narrative about changing colors is reminiscent of Sal Khan. I just can't listen to any more of this.",Coursera Online Course,Coursera Instructor,negative,,en,coursera,0
212,Someone who doesnt pay doesnt really participate in this course,Coursera Online Course,Coursera Instructor,negative,,en,coursera,0
213,"Very good course for basic physics. If you're looking for a physic course to build the base for Mechanical Engineering, highly recommend this one.",Coursera Online Course,Coursera Instructor,negative,,en,coursera,0
214,Videos from previuos version of the course Reactive programming in Scala makes this course worse prepared. I had impression that it was made rushed from shredded pieces. Assignements are easier than previous,Coursera Online Course,Coursera Instructor,neutral,,en,coursera,1
215,Great hands on examples! Really enjoyed the Neo4j and GraphX Hands On,Coursera Online Course,Coursera Instructor,positive,,en,coursera,2
216,A very well-done introduction to Design Thinking,Coursera Online Course,Coursera Instructor,neutral,,en,coursera,1
217,"Generic history information, nothing to teach really. completed the tests about ios and android without even watching the videos.",Coursera Online Course,Coursera Instructor,negative,,en,coursera,0
218,"excellent course, helpful guiding and explanations, as well as suprisingly funny - Dr chuck is halrious",Coursera Online Course,Coursera Instructor,positive,,en,coursera,2
219,"Cloud Computing and CDN courses were perfect. However, Big Data details was not very clear to me, the general idea was clear though.",Coursera Online Course,Coursera Instructor,positive,,en,coursera,2
220,"The course is not bad, but I felt that it was just a collection of common sense advice.",Coursera Online Course,Coursera Instructor,neutral,,en,coursera,1
221,I feel content of the presentation need to improve. Second the voice quality also need some improvement it was not clear. It was looking as if some one behind the screen is just reading the slide content. Please elaborate each points mentioned in the slide. In some slides the end content was skipped.Better would be if some person is always present on the screen. It grabs the attention of the listener.,Coursera Online Course,Coursera Instructor,neutral,,en,coursera,1
222,"Good. One more written assignment would have been good (the one in week 2 was great), and perhaps more incentives or reminders to use the forum. Some of the reading seemed rather hard going and academic and theoretical, but the course was good as an intro to issues related to public policy, getting to know the keywords used, and showing the systemic shifts in cities over the last 2 decades towards a more multi stakeholder approach for a more decarbonated economy.",Coursera Online Course,Coursera Instructor,neutral,,en,coursera,1
223,"It's amazing that we live in an age where you can take online classes like this for free.I went from not knowing my way around Ableton to being able to make simple tracks in a few weeks.The course load is pretty light, but it makes it easy to stay motivated and keep up from week to week.The instructor has her quirks, but don't we all. I feel like this course is great for introducing someone who has prior experience with writing music and using DAWs to Ableton Live. However, for someone who already knows the basics of Live, this probably won't be of too much use.",Coursera Online Course,Coursera Instructor,neutral,,en,coursera,1
224,This is a good fundamental course. Colleen is a great teacher and I like her unique teaching style and viewpoint.,Coursera Online Course,Coursera Instructor,neutral,,en,coursera,1
225,"This has been a wonderful course. It not only equips one with financial knowledge for the corporate world but on a personal level. I believe that through this course, I have placed in a better position to make sound investment decisions. The course is worth repeating",Coursera Online Course,Coursera Instructor,neutral,,en,coursera,1
226,"Easier than expected. Much was common sense, although it was well put together.",Coursera Online Course,Coursera Instructor,neutral,,en,coursera,1
227,"Very boring, not engaging at all. uses the phrase ""you know"" and ""um"" too much",Coursera Online Course,Coursera Instructor,negative,,en,coursera,0
228,Very good and systematical introduction to basics.,Coursera Online Course,Coursera Instructor,positive,,en,coursera,2
229,"Sense of humour is off-putting. Tone is unnecessarily childish (""Python is yelling at you""). Key ideas are unmotivated (just trust me, functions are useful!). Includes line of code impossible to understand in earlier videos (e.g. loops appear in earlier weeks). Office hours just seem like professor showing off all the places he goes to. I enjoyed the interviews with people discussing their work or history.",Coursera Online Course,Coursera Instructor,negative,,en,coursera,0
230,"Nice form, shallow content. Simply too simple. Beware: upgrade / fee required for last two exams.",Coursera Online Course,Coursera Instructor,negative,,en,coursera,0
231,There must be something wrong to spend time on google&wiki much more than the course content.,Coursera Online Course,Coursera Instructor,neutral,,en,coursera,1
232,"In my honest opinion, the quality of this course is not that high. You can expect to learn some basic syntax of Swift, and that's about it. There are very little material each week, and then you get a quiz, which is not the best form of examination nor for learning. I do not recommend this course.",Coursera Online Course,Coursera Instructor,negative,,en,coursera,0
233,"This is a great course for everyone, I am a 28 year old Industrial and Systems Engineer about to start an MBA program in one of the most recognized Universities in Europe, and I am sure the tips and tricks taught in this course by Barbara and Terry will be of great help for this new endevour and the rest of my life without a doubt. I recommend this course to anyone who wants to keep learning anything the rest of their lives! This should be the very first thing teachers teach in school! I´ve been learning wrong all of my life. Thank you for sharing your knowledge and keep up the good work! Best Regards. JCC",Coursera Online Course,Coursera Instructor,positive,,en,coursera,2
234,not upto the mark.Not meant for intelligent students,Coursera Online Course,Coursera Instructor,negative,,en,coursera,0
235,"Thank you for this course, Sir!",Coursera Online Course,Coursera Instructor,positive,,en,coursera,2
236,The first two assignments certainly tested knowledge of the subject however the last two assignmnets were lacking. Good course that does what it is supposed to do. More feedback from test cases would be very helpful.,Coursera Online Course,Coursera Instructor,neutral,,en,coursera,1
237,Great Course! The teachers are very nice and patient. It is very friendly to students with little experience.,Coursera Online Course,Coursera Instructor,positive,,en,coursera,2
238,Could go a little more in detail on the algorithms.,Coursera Online Course,Coursera Instructor,neutral,,en,coursera,1
239,Doesn't worth the effort. You learn the most by searching online tools each time you encounter a problem while solving a quiz problem or following the steps the instructor did.,Coursera Online Course,Coursera Instructor,negative,,en,coursera,0
240,"The course is a well thought and masterfully set of lessons on the main principle of journalism: it talks ethics starting from maybe old concepts that surprisingly are still fitting today.Being a basic course, it is very easy to follow and finish. Quizzes are alternating between very good and very bad. Tough ethical decisions and a space to discuss them is a really great thing, but peer grading two phrases essays with only the ability of telling yes or no doesn't make for a good use of the crowdsourcing the very course is advocating.The videos seem to have been made with an indecent knowledge of the technology, especially for journalists who are supposed to use it daily; green screens were used so badly as some parts of the professors ""spark white"", and slides are often cut away and put back in view while the teacher is talking about it, which was downright infuriating.It still qualifies for a very good opening course in journalism, but needs serious improvement.",Coursera Online Course,Coursera Instructor,neutral,,en,coursera,1
